Rank,Recommendation,P(GO) %,Title,Country,Sector,Procurement,Funding Agency,Budget,Days to Deadline,Model Version,Scored At,Source Portal,Source URL
1,STRONG GO 🟢,96.9%,Liberia International Consultants for Policy Study to Transform LMHS into a Single Entity - Liberia CIS Project,Liberia,Digital Transformation,CONSULTING,African Development Bank (AfDB),"11,431,969 USD",51,4,2026-04-20,afdb,https://www.afdb.org/en/documents/eoi-liberia-international-consultants-policy-study-transform-lmhs-single-entity-liberia-cis-project-0
2,STRONG GO 🟢,96.9%,Liberia International Consultants to Develop and Operationalize an Automated Decision Management System for Climate Services - Liberia CIS Project,Liberia,Enterprise IT & Systems Implementation,CONSULTING,African Development Bank (AfDB),"11,431,969 USD",93,4,2026-04-20,afdb,https://www.afdb.org/en/documents/eoi-liberia-international-consultants-develop-and-operationalize-automated-decision-management-system-climate-services-liberia-cis-project-0
3,STRONG GO 🟢,96.9%,Guinée Projet de Préparation pour le Financement des activités d’un Projet Economie Bleue - PPF-Economie Bleue,Guinée,Business Strategy & Performance,CONSULTING,African Development Bank (AfDB),"652,910 UA",436,4,2026-04-20,afdb,https://www.afdb.org/en/documents/agpm-guinee-projet-de-preparation-pour-le-financement-des-activites-dun-projet-economie-bleue-ppf-economie-bleue
4,STRONG GO 🟢,94.4%,"Democratic Republic of the Congo Solution clé en main d'un logiciel de Centralisation des Incidents de Paiement (CIP), incluant la formation et la sensibilisation à l'utilisation",Democratic Republic Of The Congo,Risk & Compliance,CONSULTING,African Development Bank (AfDB),"8,594 EUR",8,4,2026-04-20,afdb,https://www.afdb.org/en/documents/aoi-rdc-solution-cle-en-main-dun-logiciel-de-centralisation-des-incidents-de-paiement-cip-incluant-la-formation-et-la-sensibilisation-lutilisation-padsfi
5,STRONG GO 🟢,92.1%,Liberia Consultancy for Professional Services for Supervision and Monitoring of the Renovation of the Liberia National Meteorological Station - Liberia CIS Project,Liberia,"Construction & Infrastructure, Risk & Compliance",CONSULTING,African Development Bank (AfDB),"11,431,969 USD",205,4,2026-04-20,afdb,https://www.afdb.org/en/documents/eoi-liberia-consultancy-professional-services-supervision-and-monitoring-renovation-liberia-national-meteorological-station-liberia-cis-project-0
6,STRONG GO 🟢,89.5%,Sierra Leone Digital Transformation Project,Sierra Leone,Digital Transformation,NON-CONSULTING,World Bank,"200,000 USD",16,4,2026-04-20,worldbank,https://projects.worldbank.org/en/projects-operations/procurement-detail/OP00433256
7,STRONG GO 🟢,87.2%,Serbia Local Infrastructure and Institutional Development Project,Serbia,"Construction & Infrastructure, Government Reform & Public Administration",CONSULTING,World Bank,"300,000,000 USD",4,4,2026-04-20,worldbank,https://projects.worldbank.org/en/projects-operations/procurement-detail/OP00425247
8,STRONG GO 🟢,83.7%,Recrutement d’un cabinet-Expert pour la digitalisation de la plateforme d’information Nutritionnelle et de Sécurité Alimentaire,Burundi,"Data, AI & Analytics, Digital Transformation",CONSULTING,FAO,Unknown,7,4,2026-04-20,ungm,https://www.ungm.org/Public/Notice/296443
9,STRONG GO 🟢,81.2%,Digital Transformation for Africa/ Western Africa Regional Digital Integration Program SOP1,Western And Central Africa,Digital Transformation,NON-CONSULTING,World Bank,Unknown,16,4,2026-04-20,worldbank,https://projects.worldbank.org/en/projects-operations/procurement-detail/OP00434103
10,STRONG GO 🟢,81.2%,Mozambique Digital Acceleration Project,Mozambique,Digital Transformation,NON-CONSULTING,World Bank,Unknown,16,4,2026-04-20,worldbank,https://projects.worldbank.org/en/projects-operations/procurement-detail/OP00433809
11,GO 🟡,73.1%,Liberia International Consultant to Develop Climate Hazards Assessments and National Database - Liberia CIS Project,Liberia,Environment & Climate,CONSULTING,African Development Bank (AfDB),"11,431,969 USD",37,4,2026-04-20,afdb,https://www.afdb.org/en/documents/eoi-liberia-international-consultant-develop-climate-hazards-assessments-and-national-database-liberia-cis-project-0
12,GO 🟡,73.1%,Liberia Consultancy for an International Consultant to Develop Guidelines for Streamlining Meteorological and Hydrological Information Generation in Liberia - Liberia CIS Project,Liberia,Environment & Climate,CONSULTING,African Development Bank (AfDB),"11,431,969 USD",37,4,2026-04-20,afdb,https://www.afdb.org/en/documents/eoi-liberia-consultancy-international-consultant-develop-guidelines-streamlining-meteorological-and-hydrological-information-generation-liberia-liberia-cis-project-0
13,GO 🟡,73.1%,"Liberia Consultancy to Develop a Quality Management System (QMS), Workplan for the Climate Information System Project - Liberia CIS Project",Liberia,Environment & Climate,CONSULTING,African Development Bank (AfDB),"11,431,969 USD",37,4,2026-04-20,afdb,https://www.afdb.org/en/documents/eoi-liberia-consultancy-develop-quality-management-system-qms-workplan-climate-information-system-project-liberia-cis-project-0
14,GO 🟡,71.5%,Burundi Digital Foundations Project,Burundi,Digital Transformation,NON-CONSULTING,World Bank,"2,000,000 USD",14,4,2026-04-20,worldbank,https://projects.worldbank.org/en/projects-operations/procurement-detail/OP00431627
15,NO GO 🔴,61.5%,Zimbabwe Renewable Energy Procurement Technical Assistance Project,Zimbabwe,Energy & Utilities,CONSULTING,World Bank,Unknown,18,4,2026-04-20,worldbank,https://projects.worldbank.org/en/projects-operations/procurement-detail/OP00434937
16,NO GO 🔴,61.5%,Zimbabwe Renewable Energy Procurement Technical Assistance Project,Zimbabwe,Energy & Utilities,CONSULTING,World Bank,Unknown,18,4,2026-04-20,worldbank,https://projects.worldbank.org/en/projects-operations/procurement-detail/OP00434950
17,NO GO 🔴,50.0%,Liberia International Consultant to Develop Liberia Meteorological and Hydrological Services (LMHS) Information Portal - Liberia CIS Project,Liberia,Others,CONSULTING,African Development Bank (AfDB),"11,431,969 USD",37,4,2026-04-20,afdb,https://www.afdb.org/en/documents/eoi-liberia-international-consultant-develop-liberia-meteorological-and-hydrological-services-lmhs-information-portal-liberia-cis-project-0
18,NO GO 🔴,50.0%,Niger Recrutement d’une Agence Chargée des Activités de Communication et de Visibilité des Projets Sous Financement Bad,Niger,"Marketing & Customer Experience, Digital Transformation",CONSULTING,African Development Bank (AfDB),Unknown,620,4,2026-04-20,afdb,https://www.afdb.org/en/documents/ami-niger-recrutement-dune-agence-chargee-des-activites-de-communication-et-de-visibilite-des-projets-sous-financement-bad-rana
19,NO GO 🔴,49.7%,Angola LIA Services – Modernization of the Multipurpose and Container Terminal at the Port of Luanda - Unicargas Terminal Project,Angola,Transport & Logistics,CONSULTING,African Development Bank (AfDB),Unknown,2,4,2026-04-20,afdb,https://www.afdb.org/en/documents/eoi-angola-lia-services-modernization-multipurpose-and-container-terminal-port-luanda-unicargas-terminal-project
20,NO GO 🔴,46.7%,Governance Reform and Accountability Transformation (GREAT) Project,Liberia,Government Reform & Public Administration,NON-CONSULTING,World Bank,"50,000 USD",28,4,2026-04-20,worldbank,https://projects.worldbank.org/en/projects-operations/procurement-detail/OP00434424
21,NO GO 🔴,41.2%,Digital Acceleration Project,Rwanda,Digital Transformation,GOODS,World Bank,"200,000 USD",9,4,2026-04-20,worldbank,https://projects.worldbank.org/en/projects-operations/procurement-detail/OP00431156
22,NO GO 🔴,41.2%,Digital Acceleration Project,Rwanda,Digital Transformation,GOODS,World Bank,"200,000 USD",14,4,2026-04-20,worldbank,https://projects.worldbank.org/en/projects-operations/procurement-detail/OP00433080
23,NO GO 🔴,37.5%,Multinational Individual Consultants (2) for Kenya and Liberia,Multinational,Marketing & Customer Experience,CONSULTING,African Development Bank (AfDB),Unknown,11,4,2026-04-20,afdb,https://www.afdb.org/en/documents/eoi-multinational-individual-consultants-2-kenya-and-liberia-taat
24,NO GO 🔴,37.0%,Islamic Republic of Pakistan: Digital Economy Enhancement Project,Pakistan,Digital Transformation,CONSULTING,World Bank,Unknown,7,4,2026-04-20,worldbank,https://projects.worldbank.org/en/projects-operations/procurement-detail/OP00433396
25,NO GO 🔴,37.0%,Costa Rica Fiscal Management Improvement Project,Costa Rica,Financial Services,CONSULTING,World Bank,Unknown,2,4,2026-04-20,worldbank,https://projects.worldbank.org/en/projects-operations/procurement-detail/OP00434943
26,NO GO 🔴,35.9%,Burundi Jobs and Economic Transformation Project,Burundi,Employment & Skills Development,NON-CONSULTING,World Bank,"4,000,000 USD",16,4,2026-04-20,worldbank,https://projects.worldbank.org/en/projects-operations/procurement-detail/OP00434607
27,NO GO 🔴,35.9%,"Georgia Resilient Agriculture, Irrigation, and Land Project",Georgia,Agriculture & Food Security,CONSULTING,World Bank,"150,000,000 USD",11,4,2026-04-20,worldbank,https://projects.worldbank.org/en/projects-operations/procurement-detail/OP00435535
28,NO GO 🔴,33.1%,INVITATION FOR EXPRESSION OF INTEREST FOR PREQUALIFICATION FOR PRE-DELIVERY INSPECTION SERVICES,Ethiopia,Risk & Compliance,Others,UNICEF,Unknown,8,4,2026-04-20,ungm,https://www.ungm.org/Public/Notice/296389
29,NO GO 🔴,31.5%,(RFP) for the Provision of Strategic Leadership Consultancy Services and Organizational Development,Switzerland,Organizational Reform & HR Management,CONSULTING,IOM,Unknown,12,4,2026-04-20,ungm,https://www.ungm.org/Public/Notice/296072
30,NO GO 🔴,26.9%,Multinational Consultancy Firm to Conduct Country Capacity Needs - AfCFTA,Multinational,Enterprise IT & Systems Implementation,CONSULTING,African Development Bank (AfDB),Unknown,194,4,2026-04-20,afdb,https://www.afdb.org/en/documents/eoi-multinational-consultancy-firm-conduct-country-capacity-needs-afcfta
31,NO GO 🔴,26.2%,Digital Acceleration Project,Rwanda,Digital Transformation,GOODS,World Bank,Unknown,8,4,2026-04-20,worldbank,https://projects.worldbank.org/en/projects-operations/procurement-detail/OP00432805
32,NO GO 🔴,26.2%,Digital Governance and Identification Management System Project,Madagascar,Digital Transformation,GOODS,World Bank,Unknown,2,4,2026-04-20,worldbank,https://projects.worldbank.org/en/projects-operations/procurement-detail/OP00434305
33,NO GO 🔴,26.2%,Burundi Digital Foundations Project,Burundi,Digital Transformation,NON-CONSULTING,World Bank,Unknown,9,4,2026-04-20,worldbank,https://projects.worldbank.org/en/projects-operations/procurement-detail/OP00435098
34,NO GO 🔴,26.2%,Acceleration of the Digital Transformation of Cameroon Project,Cameroon,Digital Transformation,GOODS,World Bank,Unknown,15,4,2026-04-20,worldbank,https://projects.worldbank.org/en/projects-operations/procurement-detail/OP00432937
35,NO GO 🔴,26.2%,Burundi Digital Foundations Project,Burundi,Digital Transformation,NON-CONSULTING,World Bank,Unknown,9,4,2026-04-20,worldbank,https://projects.worldbank.org/en/projects-operations/procurement-detail/OP00427866
36,NO GO 🔴,26.2%,Empowering Women Entrepreneurs and Upgrading MSMEs for Economic Transformation and Jobs in DRC Proje,Congo,Business Strategy & Performance,GOODS,World Bank,Unknown,3,4,2026-04-20,worldbank,https://projects.worldbank.org/en/projects-operations/procurement-detail/OP00431015
37,NO GO 🔴,26.2%,Digital Zambia Acceleration Project (DZAP),Zambia,Digital Transformation,GOODS,World Bank,Unknown,9,4,2026-04-20,worldbank,https://projects.worldbank.org/en/projects-operations/procurement-detail/OP00434815
38,NO GO 🔴,26.2%,Mozambique Digital Acceleration Project,Mozambique,Digital Transformation,GOODS,World Bank,Unknown,9,4,2026-04-20,worldbank,https://projects.worldbank.org/en/projects-operations/procurement-detail/OP00434878
39,NO GO 🔴,26.0%,Liberia Local Consultant to Develop Policy Study to Transform LMHS into a Single Entity - Liberia CIS Project,Liberia,Others,CONSULTING,African Development Bank (AfDB),"11,431,969 USD",51,4,2026-04-20,afdb,https://www.afdb.org/en/documents/eoi-liberia-local-consultant-develop-policy-study-transform-lmhs-single-entity-liberia-cis-project-1
40,NO GO 🔴,18.2%,Consultancy services: strategic transformation of the UPU headquarters building,Multiple Destinations,Organizational Reform & HR Management,CONSULTING,UPU,Unknown,38,4,2026-04-20,ungm,https://www.ungm.org/Public/Notice/295816
41,NO GO 🔴,18.1%,Guinée Acquisition de matériels informes (lot1) et de mobiliers de bureau (lot2) pour l’organe d’exécution (OE) - Projet d’Aménagement de la Route Inter-Etats Labé-Mali-Kédougou-Fongolembi,Guinée,Enterprise IT & Systems Implementation,WORKS,African Development Bank (AfDB),Unknown,2,4,2026-04-20,afdb,https://www.afdb.org/en/documents/aao-guinee-acquisition-de-materiels-informes-lot1-et-de-mobiliers-de-bureau-lot2-pour-lorgane-dexecution-oe-projet-damenagement-de-la-route-inter-etats-labe-mali-kedougou-fongolembi
42,NO GO 🔴,17.4%,"Appui à la préparation et à la tenue de la revue sectorielle de l’éducation, mise à jour des outils de planification et facilitation de la participation du Congo à la campagne du PME",Congo,Education & Training,CONSULTING,UNESCO,Unknown,7,4,2026-04-20,ungm,https://www.ungm.org/Public/Notice/296368
43,NO GO 🔴,17.0%,Expert Roster Circular Economy Technical Experts,Philippines,"Data, AI & Analytics",CONSULTING,United Nations Development Programme (UNDP),Unknown,9,4,2026-04-20,undp,https://procurement-notices.undp.org/view_negotiation.cfm?nego_id=44101
44,NO GO 🔴,15.6%,Togo Digital Acceleration Project,Togo,Digital Transformation,GOODS,World Bank,"7,678 DZD",9,4,2026-04-20,worldbank,https://projects.worldbank.org/en/projects-operations/procurement-detail/OP00426760
45,NO GO 🔴,15.6%,Digital Acceleration Project,Rwanda,Digital Transformation,GOODS,World Bank,"75,000 USD",17,4,2026-04-20,worldbank,https://projects.worldbank.org/en/projects-operations/procurement-detail/OP00434286
46,NO GO 🔴,12.2%,Angola Strengthening Governance for Enhanced Service Delivery Project,Angola,Government Reform & Public Administration,GOODS,World Bank,Unknown,36,4,2026-04-20,worldbank,https://projects.worldbank.org/en/projects-operations/procurement-detail/OP00431003
47,NO GO 🔴,11.9%,Multinational Consultancy Services - Procurement Officer - Building Blue Economy Resilience and Prosperity in IGAD and Horn of Africa,Multinational,"Social Protection & Poverty Reduction, Business Strategy & Performance",CONSULTING,African Development Bank (AfDB),Unknown,163,4,2026-04-20,afdb,https://www.afdb.org/en/documents/eoi-multinational-consultancy-services-procurement-officer-building-blue-economy-resilience-and-prosperity-igad-and-horn-africa
48,NO GO 🔴,11.6%,Integrated Water Management and Development Project,Uganda,"Water, Sanitation & Waste",NON-CONSULTING,World Bank,Unknown,3,4,2026-04-20,worldbank,https://projects.worldbank.org/en/projects-operations/procurement-detail/OP00430196
49,NO GO 🔴,11.3%,Security Assessment Services,Multiple Destinations,Cybersecurity & Data Security,CONSULTING,UNICC,Unknown,7,4,2026-04-20,ungm,https://www.ungm.org/Public/Notice/296291
50,NO GO 🔴,11.3%,Provision of Impact Assessment Services for the Great Green Wall Regional Support Programme (GGW RSP),Italy,"Risk & Compliance, Environment & Climate",CONSULTING,IFAD,Unknown,2,4,2026-04-20,ungm,https://www.ungm.org/Public/Notice/296023
51,NO GO 🔴,11.1%,Inclusive Connectivity and Development Project,Sri Lanka,Telecommunications,CONSULTING,World Bank,"500,000,000 USD",2,4,2026-04-20,worldbank,https://projects.worldbank.org/en/projects-operations/procurement-detail/OP00434494
52,NO GO 🔴,7.4%,Agriculture Sector Recovery in Türkiye's Earthquake-affected Provinces,Turkiye,Agriculture & Food Security,CONSULTING,World Bank,Unknown,10,4,2026-04-20,worldbank,https://projects.worldbank.org/en/projects-operations/procurement-detail/OP00435075
53,NO GO 🔴,7.4%,BiH Water and Sanitation Services Modernization Project,Bosnia And Herzegovina,"Water, Sanitation & Waste",CONSULTING,World Bank,Unknown,7,4,2026-04-20,worldbank,https://projects.worldbank.org/en/projects-operations/procurement-detail/OP00435027
54,NO GO 🔴,7.4%,Agriculture Sector Recovery in Türkiye's Earthquake-affected Provinces,Turkiye,Agriculture & Food Security,CONSULTING,World Bank,Unknown,2,4,2026-04-20,worldbank,https://projects.worldbank.org/en/projects-operations/procurement-detail/OP00434144
55,NO GO 🔴,7.0%,Dar es Salaam Urban Transport Improvement Project,United Republic of Tanzania,Transport & Logistics,WORKS,World Bank,"17,000,000 USD",2,4,2026-04-20,worldbank,https://projects.worldbank.org/en/projects-operations/procurement-detail/OP00430577
56,NO GO 🔴,7.0%,Enhancing Connectivity in the Northern and Central Agricultural Production Areas of Senegal,Senegal,Agriculture & Food Security,GOODS,World Bank,"100,000,000 XOF",7,4,2026-04-20,worldbank,https://projects.worldbank.org/en/projects-operations/procurement-detail/OP00431380
57,NO GO 🔴,5.4%,Global Long-Term Agreement for Emergency Trauma Bags (ETBs),Italy,Risk & Compliance,Others,FAO,Unknown,7,4,2026-04-20,ungm,https://www.ungm.org/Public/Notice/296323
58,NO GO 🔴,4.5%,"Provision of Mailing/Tracking Software License/Subscription/Maintenance, Equipment Rental/Maintenance Services, and Purchases of Devices/Consumable Supplies",Multiple Destinations,Risk & Compliance,NON-CONSULTING,UN Secretariat,Unknown,3,4,2026-04-20,ungm,https://www.ungm.org/Public/Notice/296471
59,NO GO 🔴,4.4%,Seguro Vehículos UNAH,Honduras,Risk & Compliance,Others,United Nations Development Programme (UNDP),Unknown,2,4,2026-04-20,undp,https://procurement-notices.undp.org/view_negotiation.cfm?nego_id=44116
60,NO GO 🔴,3.0%,SADC Regional Statistics Project,Eastern And Southern Africa,"Data, AI & Analytics",GOODS,World Bank,Unknown,22,4,2026-04-20,worldbank,https://projects.worldbank.org/en/projects-operations/procurement-detail/OP00435478
61,NO GO 🔴,3.0%,SADC Regional Statistics Project,Eastern And Southern Africa,"Data, AI & Analytics",GOODS,World Bank,Unknown,29,4,2026-04-20,worldbank,https://projects.worldbank.org/en/projects-operations/procurement-detail/OP00435100
62,NO GO 🔴,2.9%,"Multinational Simplified Industry Guides, E-Learning Modules, and Facilitation of Training on Market Access Under AfCFTA for Textile, Leather and Edible Oil Value Chains",Multinational,"Mining & Natural Resources, Education & Training",CONSULTING,African Development Bank (AfDB),Unknown,5,4,2026-04-20,afdb,https://www.afdb.org/en/documents/eoi-multinational-simplified-industry-guides-e-learning-modules-and-facilitation-training-market-access-under-afcfta-textile-leather-and-edible-oil-value-chains-eac
63,NO GO 🔴,2.9%,South Sudan Short-term Debt Management Expert,South Sudan,Others,CONSULTING,African Development Bank (AfDB),Unknown,10,4,2026-04-20,afdb,https://www.afdb.org/en/documents/eoi-south-sudan-short-term-debt-management-expert-isp-seg
64,NO GO 🔴,2.8%,CAR-Electricity Sector Strengthening and Access Project,Central African Republic,Digital Transformation,GOODS,World Bank,Unknown,13,4,2026-04-20,worldbank,https://projects.worldbank.org/en/projects-operations/procurement-detail/OP00433140
65,NO GO 🔴,2.8%,"Enterprise (Occupational Health, Safety and Electronic Medical Records) Management Software",Multiple Destinations,Enterprise IT & Systems Implementation,Others,UN Secretariat,Unknown,9,4,2026-04-20,ungm,https://www.ungm.org/Public/Notice/296162
66,NO GO 🔴,2.8%,"Support Services in Assets Management Unit at ESCAP, Bangkok",Thailand,Enterprise IT & Systems Implementation,Others,UN Secretariat,Unknown,3,4,2026-04-20,ungm,https://www.ungm.org/Public/Notice/295754
67,NO GO 🔴,2.4%,"RFP9203178 Campaña Comunitaria SBC CCC para Contratación de Consultoría para la implementación, monitoreo y escalamiento de la campaña comunitaria Come como Campeón y Campeona",Mexico,Marketing & Customer Experience,CONSULTING,UNICEF,Unknown,7,4,2026-04-20,ungm,https://www.ungm.org/Public/Notice/296306
68,NO GO 🔴,2.1%,Access Governance & Reform for the Electricity and Water Sectors Project,Congo,Energy & Utilities,WORKS,World Bank,"220,000 EUR",18,4,2026-04-20,worldbank,https://projects.worldbank.org/en/projects-operations/procurement-detail/OP00434136
69,NO GO 🔴,2.1%,"136194 Manifestaciones de interés (EOI) a las empresas para una licitación a establecer un acuerdo a largo plazo, para varios servicios en Guinea Ecuatorial",United Kingdom,Others,CONSULTING,FAO,Unknown,9,4,2026-04-20,ungm,https://www.ungm.org/Public/Notice/295990
70,NO GO 🔴,1.8%,Second Regional Economic Development Project,Kyrgyz Republic,"Digital Transformation, Business Strategy & Performance",WORKS,World Bank,Unknown,21,4,2026-04-20,worldbank,https://projects.worldbank.org/en/projects-operations/procurement-detail/OP00435105
71,NO GO 🔴,1.7%,"Meghalaya Multisectoral Project for Adolescent Wellbeing, Empowerment and Resilience (MPOWER)",India,Social Protection & Poverty Reduction,CONSULTING,World Bank,Unknown,3,4,2026-04-20,worldbank,https://projects.worldbank.org/en/projects-operations/procurement-detail/OP00433186
72,NO GO 🔴,1.7%,System Transformation of Early Education Project - Balochistan,Pakistan,Education & Training,CONSULTING,World Bank,Unknown,7,4,2026-04-20,worldbank,https://projects.worldbank.org/en/projects-operations/procurement-detail/OP00434291
73,NO GO 🔴,1.7%,Punjab Urban Land Systems Enhancement Project,Pakistan,"Construction & Infrastructure, Government Reform & Public Administration",NON-CONSULTING,World Bank,Unknown,3,4,2026-04-20,worldbank,https://projects.worldbank.org/en/projects-operations/procurement-detail/OP00432765
74,NO GO 🔴,1.7%,LTA for Cleaning Services for all UN Agencies in Malawi,Malawi,"Water, Sanitation & Waste",NON-CONSULTING,United Nations Development Programme (UNDP),Unknown,9,4,2026-04-20,undp,https://procurement-notices.undp.org/view_negotiation.cfm?nego_id=43500
75,NO GO 🔴,1.6%,Democratic Republic of the Congo Construction du Centre de Promotion de l’Entrepreneuriat des Jeunes en Agro-Business (CPEJAB) au Kasaï Oriental,Democratic Republic Of The Congo,"Business Strategy & Performance, Agriculture & Food Security",WORKS,African Development Bank (AfDB),"33,000 USD",28,4,2026-04-20,afdb,https://www.afdb.org/en/documents/aao-rdc-construction-du-centre-de-promotion-de-lentrepreneuriat-des-jeunes-en-agro-business-cpejab-au-kasai-oriental-pagdc-pta
76,NO GO 🔴,1.4%,(RFP) for the Provision of Evaluation of International Organization for Migration's Approach to Regular Migration Pathways Services,Switzerland,Social Protection & Poverty Reduction,CONSULTING,IOM,Unknown,5,4,2026-04-20,ungm,https://www.ungm.org/Public/Notice/296252
77,NO GO 🔴,1.2%,Provision of Explosive Ordnance Risk Education (EORE) to vulnerable communities in the Kharkiv oblast of Ukraine,Ukraine,Risk & Compliance,GOODS,UNOPS,Unknown,13,4,2026-04-20,ungm,https://www.ungm.org/Public/Notice/296429
78,NO GO 🔴,1.1%,Multinational Consultancy Services - Project Accountant - Building Blue Economy Resilience and Prosperity in IGAD and Horn of Africa,Multinational,Social Protection & Poverty Reduction,CONSULTING,African Development Bank (AfDB),Unknown,163,4,2026-04-20,afdb,https://www.afdb.org/en/documents/eoi-multinational-consultancy-services-project-accountant-building-blue-economy-resilience-and-prosperity-igad-and-horn-africa
79,NO GO 🔴,1.1%,Tanzania Scaling-up Sustainable Marine Fisheries and Aquaculture Management Project (TASFAM),United Republic of Tanzania,Agriculture & Food Security,GOODS,World Bank,Unknown,3,4,2026-04-20,worldbank,https://projects.worldbank.org/en/projects-operations/procurement-detail/OP00432401
80,NO GO 🔴,1.1%,Madagascar National Water Project,Madagascar,"Water, Sanitation & Waste",WORKS,World Bank,Unknown,15,4,2026-04-20,worldbank,https://projects.worldbank.org/en/projects-operations/procurement-detail/OP00434807
81,NO GO 🔴,1.1%,Integrated Water Management and Development Project,Uganda,"Water, Sanitation & Waste",WORKS,World Bank,Unknown,3,4,2026-04-20,worldbank,https://projects.worldbank.org/en/projects-operations/procurement-detail/OP00429659
82,NO GO 🔴,1.0%,LTA - Expression of Interest (EOI (EOI) - Car Rental Services Mozambique,Mozambique,Social Protection & Poverty Reduction,Others,WHO,Unknown,3,4,2026-04-20,ungm,https://www.ungm.org/Public/Notice/296257
83,NO GO 🔴,1.0%,Freight Forwarding and Customs Clearing Services.,Malawi,Transport & Logistics,Others,United Nations Development Programme (UNDP),Unknown,9,4,2026-04-20,undp,https://procurement-notices.undp.org/view_negotiation.cfm?nego_id=43617
84,NO GO 🔴,0.9%,Fourth Public Sector Modernization Project,Armenia,Government Reform & Public Administration,GOODS,World Bank,"25,000 EUR",7,4,2026-04-20,worldbank,https://projects.worldbank.org/en/projects-operations/procurement-detail/OP00434630
85,NO GO 🔴,0.9%,Fourth Public Sector Modernization Project,Armenia,Government Reform & Public Administration,GOODS,World Bank,"55,000 EUR",15,4,2026-04-20,worldbank,https://projects.worldbank.org/en/projects-operations/procurement-detail/OP00434408
86,NO GO 🔴,0.9%,Fourth Public Sector Modernization Project,Armenia,Government Reform & Public Administration,GOODS,World Bank,"10,000 EUR",2,4,2026-04-20,worldbank,https://projects.worldbank.org/en/projects-operations/procurement-detail/OP00431880
87,NO GO 🔴,0.8%,IN: Manipur Infotech eNabled Development Project,India,Enterprise IT & Systems Implementation,GOODS,World Bank,"300,000 USD",10,4,2026-04-20,worldbank,https://projects.worldbank.org/en/projects-operations/procurement-detail/OP00433082
88,NO GO 🔴,0.7%,"Supply, Delivery, and Installation of 645 Public Sector PV Systems (Phase1) SREP",N/A,Enterprise IT & Systems Implementation,WORKS,African Development Bank (AfDB),Unknown,36,4,2026-04-20,afdb,https://www.afdb.org/en/documents/spn-supply-delivery-and-installation-645-public-sector-pv-systems-phase1-srep
89,NO GO 🔴,0.7%,Guinée Acquisition de Trois (3) Véhicules Station wagon et de trois (03) Ambulances médicalisées - Projet d’Aménagement de la Route Inter-Etats Labé-Mali-Kédougou-Fongolembi,Guinée,Health & Life Sciences,WORKS,African Development Bank (AfDB),Unknown,14,4,2026-04-20,afdb,https://www.afdb.org/en/documents/aao-guinee-acquisition-de-trois-3-vehicules-station-wagon-et-de-trois-03-ambulances-medicalisees-projet-damenagement-de-la-route-inter-etats-labe-mali-kedougou-fongolembi
90,NO GO 🔴,0.7%,"Mozambique Design, Supply, and Installation of Civil Buildings for National Control Center (NCC), Regional Control Centers (RCCs) and associated Buildings - National Control Center Project",Mozambique,Construction & Infrastructure,WORKS,African Development Bank (AfDB),Unknown,15,4,2026-04-20,afdb,https://www.afdb.org/en/documents/spn-mozambique-design-supply-and-installation-civil-buildings-national-control-center-ncc-regional-control-centers-rccs-and-associated-buildings-national-control-center-project
91,NO GO 🔴,0.7%,Burundi Skills for Jobs: Women and Youth Project,Burundi,Employment & Skills Development,GOODS,World Bank,Unknown,17,4,2026-04-20,worldbank,https://projects.worldbank.org/en/projects-operations/procurement-detail/OP00433790
92,NO GO 🔴,0.7%,"Bangladesh Sustainable Recovery, Emergency Preparedness and Response Project",Bangladesh,"Social Protection & Poverty Reduction, Environment & Climate",CONSULTING,World Bank,Unknown,3,4,2026-04-20,worldbank,https://projects.worldbank.org/en/projects-operations/procurement-detail/OP00435439
93,NO GO 🔴,0.6%,CITRIX SUBSCRIPTIONS AND ENTERPRISE SUPPORT SERVICES,Multiple Destinations,Marketing & Customer Experience,Others,UN Secretariat,Unknown,7,4,2026-04-20,ungm,https://www.ungm.org/Public/Notice/295793
94,NO GO 🔴,0.6%,Construction of Marketplace and Local Products Sales Place in Pınarbaşı,Turkey,Marketing & Customer Experience,WORKS,United Nations Development Programme (UNDP),Unknown,6,4,2026-04-20,undp,https://procurement-notices.undp.org/view_negotiation.cfm?nego_id=43968
95,NO GO 🔴,0.6%,Long–Term Agreement for engineering design services in Serbia (mid-value),Serbia,Construction & Infrastructure,Others,United Nations Development Programme (UNDP),Unknown,8,4,2026-04-20,undp,https://procurement-notices.undp.org/view_negotiation.cfm?nego_id=44136
96,NO GO 🔴,0.5%,Strengthening Electricity Services Project,Congo,Energy & Utilities,GOODS,World Bank,"50,000 XOF",7,4,2026-04-20,worldbank,https://projects.worldbank.org/en/projects-operations/procurement-detail/OP00431876
97,NO GO 🔴,0.5%,Institutional Foundations to Improve Services For Health,Liberia,Health & Life Sciences,GOODS,World Bank,"11,105 USD",16,4,2026-04-20,worldbank,https://projects.worldbank.org/en/projects-operations/procurement-detail/OP00435122
98,NO GO 🔴,0.5%,Water Supply and Sanitation Access Program (PASEA) Project,Congo,"Water, Sanitation & Waste",GOODS,World Bank,"1,000 USD",9,4,2026-04-20,worldbank,https://projects.worldbank.org/en/projects-operations/procurement-detail/OP00434920
99,NO GO 🔴,0.5%,Water Supply and Sanitation Access Program (PASEA) Project,Congo,"Water, Sanitation & Waste",WORKS,World Bank,"18,000 USD",2,4,2026-04-20,worldbank,https://projects.worldbank.org/en/projects-operations/procurement-detail/OP00434214
100,NO GO 🔴,0.5%,Livestock Productivity and Resilience Support Project,Nigeria,Agriculture & Food Security,WORKS,World Bank,"70,570 DZD",10,4,2026-04-20,worldbank,https://projects.worldbank.org/en/projects-operations/procurement-detail/OP00434562
101,NO GO 🔴,0.5%,Angola Upgrading of Rural Roads in Cabinda - Eastern Region Agricultural Value Chain Development Project,Angola,Agriculture & Food Security,WORKS,African Development Bank (AfDB),"300,000 USD",37,4,2026-04-20,afdb,https://www.afdb.org/en/documents/spn-angola-upgrading-rural-roads-cabinda-eastern-region-agricultural-value-chain-development-project
102,NO GO 🔴,0.5%,"Long-term Agreement for services and works related to checking and closing of fire bulkheads at the Vienna International Centre, Aus tria, for an initial contract period of two (2) years with possibility of extension up to a total period of three (3) years",Austria,Others,Others,UNIDO,Unknown,8,4,2026-04-20,ungm,https://www.ungm.org/Public/Notice/295899
103,NO GO 🔴,0.4%,Girls Empowerment and Learning for All Project,Angola,Education & Training,GOODS,World Bank,Unknown,21,4,2026-04-20,worldbank,https://projects.worldbank.org/en/projects-operations/procurement-detail/OP00434990
104,NO GO 🔴,0.4%,Cameroon-Chad Transport Corridor,Western And Central Africa,Transport & Logistics,GOODS,World Bank,Unknown,28,4,2026-04-20,worldbank,https://projects.worldbank.org/en/projects-operations/procurement-detail/OP00432960
105,NO GO 🔴,0.4%,Cameroon-Chad Transport Corridor,Western And Central Africa,Transport & Logistics,GOODS,World Bank,Unknown,28,4,2026-04-20,worldbank,https://projects.worldbank.org/en/projects-operations/procurement-detail/OP00432965
106,NO GO 🔴,0.4%,"MV: Digital Maldives for Adaptation, Decentralization and Diversification",Maldives,Digital Transformation,GOODS,World Bank,Unknown,13,4,2026-04-20,worldbank,https://projects.worldbank.org/en/projects-operations/procurement-detail/OP00430534
107,NO GO 🔴,0.4%,Servicio de soporte técnico audiovisual para reuniones y eventos - RFQ/66/2026/MIP/ROLAC,Peru,Marketing & Customer Experience,Others,ILO,Unknown,7,4,2026-04-20,ungm,https://www.ungm.org/Public/Notice/296317
108,NO GO 🔴,0.4%,Stabilization and Recovery in Eastern DRC,Congo,Others,WORKS,World Bank,Unknown,9,4,2026-04-20,worldbank,https://projects.worldbank.org/en/projects-operations/procurement-detail/OP00435142
109,NO GO 🔴,0.4%,Khyber Pakhtunkhwa Human Capital Investment Project,Pakistan,Business Strategy & Performance,GOODS,World Bank,Unknown,3,4,2026-04-20,worldbank,https://projects.worldbank.org/en/projects-operations/procurement-detail/OP00427708
110,NO GO 🔴,0.4%,Uganda Climate Smart Agricultural Transformation Project,Uganda,"Agriculture & Food Security, Environment & Climate",GOODS,World Bank,Unknown,16,4,2026-04-20,worldbank,https://projects.worldbank.org/en/projects-operations/procurement-detail/OP00433905
111,NO GO 🔴,0.4%,"Transcription, Production and Distribution of the Braille LSHE Framework",Zambia,Others,Others,UNESCO,Unknown,2,4,2026-04-20,ungm,https://www.ungm.org/Public/Notice/296449
112,NO GO 🔴,0.4%,BiH Water and Sanitation Services Modernization Project,Bosnia And Herzegovina,"Water, Sanitation & Waste",WORKS,World Bank,"31,340,000 USD",7,4,2026-04-20,worldbank,https://projects.worldbank.org/en/projects-operations/procurement-detail/OP00432905
113,NO GO 🔴,0.4%,"Long-Term Agreement for Provision of computer-assisted translation, terminology, editing, search and translation management tools for World Health Organization language services",Switzerland,Enterprise IT & Systems Implementation,GOODS,WHO,Unknown,9,4,2026-04-20,ungm,https://www.ungm.org/Public/Notice/296280
114,NO GO 🔴,0.4%,Development and pilot implementation of Digital Safekeeping,United States Of America,Digital Transformation,Others,UNFPA,Unknown,6,4,2026-04-20,ungm,https://www.ungm.org/Public/Notice/296436
115,NO GO 🔴,0.3%,COL PR CO42000004806 Fortalecer la estrategia de difusión de la JEP,Colombia,Digital Transformation,Others,IOM,Unknown,6,4,2026-04-20,ungm,https://www.ungm.org/Public/Notice/296349
116,NO GO 🔴,0.3%,Mozambique Safer Roads for Socio-Economic Integration Program,Mozambique,Social Protection & Poverty Reduction,WORKS,World Bank,"500,000 USD",49,4,2026-04-20,worldbank,https://projects.worldbank.org/en/projects-operations/procurement-detail/OP00434869
117,NO GO 🔴,0.3%,Regional Emergency Solar Power Intervention Project,Western And Central Africa,Energy & Utilities,WORKS,World Bank,"500,000 USD",57,4,2026-04-20,worldbank,https://projects.worldbank.org/en/projects-operations/procurement-detail/OP00434599
118,NO GO 🔴,0.3%,"Bénin Acquisition d’équipements de pré-collecte et collecte de transport des déchets (outillages, tricycles et camions lève conteneurs, 2 essieux et 3 essieux)",Bénin,"Water, Sanitation & Waste",WORKS,African Development Bank (AfDB),Unknown,35,4,2026-04-20,afdb,https://www.afdb.org/en/documents/aoi-benin-acquisition-dequipements-de-pre-collecte-et-collecte-de-transport-des-dechets-outillages-tricycles-et-camions-leve-conteneurs-2-essieux-et-3-essieux-papvs
119,NO GO 🔴,0.3%,Guinée Réalisation des travaux des infrastructures de navigation (Débarcadères et Quais) dans les Préfectures de Kankan et Kouroussa,Guinée,Construction & Infrastructure,WORKS,African Development Bank (AfDB),Unknown,23,4,2026-04-20,afdb,https://www.afdb.org/en/documents/aao-guinee-realisation-des-travaux-des-infrastructures-de-navigation-debarcaderes-et-quais-dans-les-prefectures-de-kankan-et-kouroussa-pidacc-bn
120,NO GO 🔴,0.3%,"Development of technical design for the reconstruction of Gymnasium in Pljevlja, Montenegro(UNOPS-ESIM-2026-S-002)",Montenegro,Construction & Infrastructure,Others,UNOPS,Unknown,2,4,2026-04-20,ungm,https://www.ungm.org/Public/Notice/296367
121,NO GO 🔴,0.2%,Various Waste Management and Circular Economy equipment,Philippines,"Water, Sanitation & Waste",NON-CONSULTING,United Nations Development Programme (UNDP),Unknown,9,4,2026-04-20,undp,https://procurement-notices.undp.org/view_negotiation.cfm?nego_id=43950
122,NO GO 🔴,0.2%,Security Services of United Nations Agencies based in Mindanao (LTA Establishment for 5+2 Years),Philippines,Cybersecurity & Data Security,NON-CONSULTING,UNICEF,Unknown,9,4,2026-04-20,ungm,https://www.ungm.org/Public/Notice/296200
123,NO GO 🔴,0.2%,APPEL D'OFFRES POUR L’INSTALLATION DE SERRES AGRICOLES ET DE SYSTEMES D’IRRIGATION SUR LE SITE DE LA Food and Agriculture Organization GUINEE,Guinea,Others,WORKS,FAO,Unknown,3,4,2026-04-20,ungm,https://www.ungm.org/Public/Notice/296513
124,NO GO 🔴,0.2%,"Call for Expressions of interest (EOI) - Social Business Solutions (1st Batch) Business Development Grants for Entrepreneurs, SME's and Cooperatives/Associations - UNIDO Programme ""Poverty Alleviation and Inclusive Development Across Rural Sindh"" (PAIDAR",Pakistan,Social Protection & Poverty Reduction,Others,UNIDO,Unknown,20,4,2026-04-20,ungm,https://www.ungm.org/Public/Notice/296528
125,NO GO 🔴,0.1%,Improving Power System Resilience for European Power Grid Integration Project,Ukraine,Energy & Utilities,WORKS,World Bank,"100,000,000 USD",21,4,2026-04-20,worldbank,https://projects.worldbank.org/en/projects-operations/procurement-detail/OP00431982
126,NO GO 🔴,0.1%,Uttar Pradesh Agriculture Growth and Rural Enterprise Ecosystem Strengthening Project,India,Agriculture & Food Security,NON-CONSULTING,World Bank,Unknown,7,4,2026-04-20,worldbank,https://projects.worldbank.org/en/projects-operations/procurement-detail/OP00433645
127,NO GO 🔴,0.1%,NATIONAL AGRICULTURAL VALUE CHAIN DEVELOPMENT PROJECT (NAVCDP),Kenya,Agriculture & Food Security,GOODS,World Bank,Unknown,224,4,2026-04-20,worldbank,https://projects.worldbank.org/en/projects-operations/procurement-detail/OP00432909
128,NO GO 🔴,0.1%,Assam State Secondary Healthcare Initiative for Service Delivery Transformation (ASSIST) Project,India,Health & Life Sciences,NON-CONSULTING,World Bank,Unknown,8,4,2026-04-20,worldbank,https://projects.worldbank.org/en/projects-operations/procurement-detail/OP00432417
129,NO GO 🔴,0.1%,Comores Marché de Fournitures et montage pour la Réhabilitation des centrales de production thermiques en Union des Comores,Comores,Others,WORKS,African Development Bank (AfDB),"1,000,000 EUR",3,4,2026-04-20,afdb,https://www.afdb.org/en/documents/aoi-comores-marche-de-fournitures-et-montage-pour-la-rehabilitation-des-centrales-de-production-thermiques-en-union-des-comores-pasec
130,NO GO 🔴,0.1%,Containerized Plastic Recycling Facilities,Philippines,"Water, Sanitation & Waste",Others,United Nations Development Programme (UNDP),Unknown,9,4,2026-04-20,undp,https://procurement-notices.undp.org/view_negotiation.cfm?nego_id=43281
131,NO GO 🔴,0.1%,Integrated Waste Processing and Plastic Recycling Systems,Philippines,"Water, Sanitation & Waste",Others,United Nations Development Programme (UNDP),Unknown,9,4,2026-04-20,undp,https://procurement-notices.undp.org/view_negotiation.cfm?nego_id=43949
132,NO GO 🔴,0.1%,Algérie Travaux de construction de la nouvelle ligne ferroviaire Laghouat-Ghardaïa-El Menia - Tronçon Laghouat / Ghardaia (265 Km),Algérie,Construction & Infrastructure,WORKS,African Development Bank (AfDB),"50,000 DZD",33,4,2026-04-20,afdb,https://www.afdb.org/en/documents/aoi-algerie-travaux-de-construction-de-la-nouvelle-ligne-ferroviaire-laghouat-ghardaia-el-menia-troncon-laghouat/ghardaia-265-km
133,NO GO 🔴,0.1%,Democratic Republic of the Congo Construction du Centre de Promotion de l’Entrepreneuriat des Jeunes en Agro-Business (CPEJAB) au Kongo Central,Democratic Republic Of The Congo,Agriculture & Food Security,WORKS,African Development Bank (AfDB),"33,000 USD",28,4,2026-04-20,afdb,https://www.afdb.org/en/documents/aao-rdc-construction-du-centre-de-promotion-de-lentrepreneuriat-des-jeunes-en-agro-business-cpejab-au-kongo-central-pagdc-pta
134,NO GO 🔴,0.1%,Algérie Travaux de construction de la nouvelle ligne ferroviaire Laghouat-Ghardaïa-El Menia - Tronçon Ghardaia/ El Menia (230 Km),Algérie,Construction & Infrastructure,WORKS,African Development Bank (AfDB),"50,000 DZD",33,4,2026-04-20,afdb,https://www.afdb.org/en/documents/aoi-algerie-travaux-de-construction-de-la-nouvelle-ligne-ferroviaire-laghouat-ghardaia-el-menia-troncon-ghardaia/el-menia-230-km
135,NO GO 🔴,0.1%,Develop interactive e-learning experience for Early Childhood Development (ECD) teachers in Thailand,Thailand,Education & Training,Others,UNICEF,Unknown,9,4,2026-04-20,ungm,https://www.ungm.org/Public/Notice/296484
136,NO GO 🔴,0.1%,Bénin Acquisition de 31 500 doses de semence bovine et de 15 300 kits d’hormones,Bénin,Others,GOODS,African Development Bank (AfDB),Unknown,35,4,2026-04-20,afdb,https://www.afdb.org/en/documents/aoi-benin-acquisition-de-31-500-doses-de-semence-bovine-et-de-15-300-kits-dhormones-prodefilav-pel
137,NO GO 🔴,0.1%,Third-Party Monitoring (TPM) Services in West Bank and Gaza Strip,Palestine,Others,Others,FAO,Unknown,5,4,2026-04-20,ungm,https://www.ungm.org/Public/Notice/296078
138,NO GO 🔴,0.1%,Access to Clean Resilient Electricity under the ASCENT Regional Program - Multi Programmatic Approac,Sao Tome And Principe,Energy & Utilities,WORKS,World Bank,Unknown,17,4,2026-04-20,worldbank,https://projects.worldbank.org/en/projects-operations/procurement-detail/OP00428312
139,NO GO 🔴,0.1%,West Africa Regional Electricity Market Program (WA-REMP) MPA Phase 1 - Mauritania Transmission Corr,Mauritania,Energy & Utilities,WORKS,World Bank,Unknown,10,4,2026-04-20,worldbank,https://projects.worldbank.org/en/projects-operations/procurement-detail/OP00429042
140,NO GO 🔴,0.1%,Burundi Colline Climate Resilience Project,Burundi,Environment & Climate,GOODS,World Bank,Unknown,3,4,2026-04-20,worldbank,https://projects.worldbank.org/en/projects-operations/procurement-detail/OP00434825
141,NO GO 🔴,0.1%,Strengthening the Statistical System of Uzbekistan,Uzbekistan,"Data, AI & Analytics",GOODS,World Bank,Unknown,14,4,2026-04-20,worldbank,https://projects.worldbank.org/en/projects-operations/procurement-detail/OP00433359
142,NO GO 🔴,0.1%,Climate Resilience Multi-Phase Programmatic Approach,Sri Lanka,Environment & Climate,GOODS,World Bank,"1,200,000 USD",4,4,2026-04-20,worldbank,https://projects.worldbank.org/en/projects-operations/procurement-detail/OP00430184
143,NO GO 🔴,0.1%,Smart Government II Project,Mongolia,Government Reform & Public Administration,GOODS,World Bank,"6,500 USD",21,4,2026-04-20,worldbank,https://projects.worldbank.org/en/projects-operations/procurement-detail/OP00435518
144,NO GO 🔴,0.1%,Accelerating Transport and Trade Connectivity in Eastern South Asia – Nepal Phase 1 Project,Nepal,Transport & Logistics,WORKS,World Bank,"1,100,000 USD",14,4,2026-04-20,worldbank,https://projects.worldbank.org/en/projects-operations/procurement-detail/OP00429382
145,NO GO 🔴,0.1%,ITB for Construction of Buildings at the Centre for Vocational Excellence in Marine Transport at Salima Technical College in Malawi,Malawi,Construction & Infrastructure,WORKS,UNOPS,Unknown,9,4,2026-04-20,ungm,https://www.ungm.org/Public/Notice/296374
146,NO GO 🔴,0.1%,Long-Term Agreement for the Supply of High-Complexity Medical Devices for UNOPS in the Caribbean and the Queen Elizabeth Hospital in Barbados,Multiple Destinations,Health & Life Sciences,GOODS,UNOPS,Unknown,13,4,2026-04-20,ungm,https://www.ungm.org/Public/Notice/296042
147,NO GO 🔴,0.1%,Acquisition of Refrigerant Analyser and accessories,Brazil,Others,Others,United Nations Development Programme (UNDP),Unknown,13,4,2026-04-20,undp,https://procurement-notices.undp.org/view_negotiation.cfm?nego_id=43935
148,NO GO 🔴,0.1%,LTA Servicios de fibra óptica y telefonia IP,Chile,Telecommunications,Others,United Nations Development Programme (UNDP),Unknown,23,4,2026-04-20,undp,https://procurement-notices.undp.org/view_negotiation.cfm?nego_id=43994
149,NO GO 🔴,0.1%,Turkey Resilient Landscape Integration Project (TULIP),Turkiye,Environment & Climate,GOODS,World Bank,Unknown,17,4,2026-04-20,worldbank,https://projects.worldbank.org/en/projects-operations/procurement-detail/OP00434311
150,NO GO 🔴,0.1%,Solar PV,Lebanon,Others,Others,United Nations Development Programme (UNDP),Unknown,9,4,2026-04-20,undp,https://procurement-notices.undp.org/view_negotiation.cfm?nego_id=42761
151,NO GO 🔴,0.1%,Turkey Resilient Landscape Integration Project (TULIP),Turkiye,Environment & Climate,GOODS,World Bank,Unknown,20,4,2026-04-20,worldbank,https://projects.worldbank.org/en/projects-operations/procurement-detail/OP00434307
152,NO GO 🔴,0.1%,Moldova Rural Connectivity Project,Republic of Moldova,Telecommunications,WORKS,World Bank,Unknown,2,4,2026-04-20,worldbank,https://projects.worldbank.org/en/projects-operations/procurement-detail/OP00431283
153,NO GO 🔴,0.0%,INVITATION TO BID: ITB-PSP-IT-2026-001 FOR THE ESTABLISHMENT OF A FRAME AGREEMENT FOR THE PROVISION OF PRINTING SERVICES FOR FACE-TO-FACE AND PPH MATERIALS IN ITALY,Italy,Others,NON-CONSULTING,UNHCR,Unknown,3,4,2026-04-20,ungm,https://www.ungm.org/Public/Notice/296259
154,NO GO 🔴,0.0%,Achats des articles non alimentaire pour les intervention à l'Est du Tchad,Chad,"Social Protection & Poverty Reduction, Agriculture & Food Security",Others,IOM,Unknown,7,4,2026-04-20,ungm,https://www.ungm.org/Public/Notice/296346
155,NO GO 🔴,0.0%,Global LTA for Supply of Agricultural Tractors and Construction Machineries,Denmark,"Transport & Logistics, Agriculture & Food Security",WORKS,United Nations Development Programme (UNDP),Unknown,9,4,2026-04-20,undp,https://procurement-notices.undp.org/view_negotiation.cfm?nego_id=43329
156,NO GO 🔴,0.0%,DEMANDE DE PROPOSITION POUR LE TRANSPORT DES MIGRANTS,Multiple Destinations,"Social Protection & Poverty Reduction, Transport & Logistics",Others,IOM,Unknown,8,4,2026-04-20,ungm,https://www.ungm.org/Public/Notice/296283
157,NO GO 🔴,0.0%,"Capital repair and modernization of the “Emil Necula"" Lyceum",Republic of Moldova,Others,WORKS,United Nations Development Programme (UNDP),Unknown,8,4,2026-04-20,undp,https://procurement-notices.undp.org/view_negotiation.cfm?nego_id=44110
158,NO GO 🔴,0.0%,CBM/Restoration works of Menorah and Aron Kodesh in Rascov Synagogue,Republic of Moldova,Others,GOODS,United Nations Development Programme (UNDP),Unknown,2,4,2026-04-20,undp,https://procurement-notices.undp.org/view_negotiation.cfm?nego_id=43992
159,NO GO 🔴,0.0%,"Gambia Rehabilitation of Tidal, Solar Pump Irrigation and Protection of Hippo Grazing Areas in Central River Region South (CRR-S)",Gambia,Agriculture & Food Security,WORKS,African Development Bank (AfDB),"36,000 USD",3,4,2026-04-20,afdb,https://www.afdb.org/en/documents/spn-gambia-rehabilitation-tidal-solar-pump-irrigation-and-protection-hippo-grazing-areas-central-river-region-south-crr-s
160,NO GO 🔴,0.0%,Burundi Transport Resilience Project,Burundi,"Environment & Climate, Social Protection & Poverty Reduction",GOODS,World Bank,Unknown,8,4,2026-04-20,worldbank,https://projects.worldbank.org/en/projects-operations/procurement-detail/OP00434955
161,NO GO 🔴,0.0%,Burundi Transport Resilience Project,Burundi,"Environment & Climate, Social Protection & Poverty Reduction",WORKS,World Bank,Unknown,7,4,2026-04-20,worldbank,https://projects.worldbank.org/en/projects-operations/procurement-detail/OP00434952
162,NO GO 🔴,0.0%,Event Management for Workers session in JORDAN Amman,Jordan,Others,Others,ILO,Unknown,9,4,2026-04-20,ungm,https://www.ungm.org/Public/Notice/296203
163,NO GO 🔴,0.0%,Malawi Construction of Public Sanitation Facilities in Rumphi District,Malawi,"Water, Sanitation & Waste",WORKS,African Development Bank (AfDB),Unknown,22,4,2026-04-20,afdb,https://www.afdb.org/en/documents/spn-malawi-construction-public-sanitation-facilities-rumphi-district-rwssip
164,NO GO 🔴,0.0%,"Mato Grosso Resilient, Inclusive, and Sustainable Learning Project",Brazil,"Social Protection & Poverty Reduction, Environment & Climate",NON-CONSULTING,World Bank,Unknown,22,4,2026-04-20,worldbank,https://projects.worldbank.org/en/projects-operations/procurement-detail/OP00435117
165,NO GO 🔴,0.0%,ITB_001_2026_Construction of Evacuation Shelter in Khammouane Salavan&Champasack,Laos,Construction & Infrastructure,WORKS,United Nations Development Programme (UNDP),Unknown,3,4,2026-04-20,undp,https://procurement-notices.undp.org/view_negotiation.cfm?nego_id=43904
166,NO GO 🔴,0.0%,Adquisición de equipos tecnológicos y audiovisuales para la producción de materiales y sistematización de experiencias de educación inicial,Nicaragua,Education & Training,GOODS,UNICEF,Unknown,9,4,2026-04-20,ungm,https://www.ungm.org/Public/Notice/296032
167,NO GO 🔴,0.0%,and Upgrading of Addu and Fuvahmulah Nature Parks,Maldives,Environment & Climate,WORKS,United Nations Development Programme (UNDP),Unknown,7,4,2026-04-20,undp,https://procurement-notices.undp.org/view_negotiation.cfm?nego_id=44039
168,NO GO 🔴,0.0%,"Procurement of Ebola Vaccines of assured quality for Stockpiling and Use, including stockpile management, storage, maintenance, replenishment, delivery and destruction of vaccines upon expiry",Multiple Destinations,Health & Life Sciences,GOODS,UNICEF,Unknown,10,4,2026-04-20,ungm,https://www.ungm.org/Public/Notice/296247
169,NO GO 🔴,0.0%,Construction of Community Infrastructures in 3 Municipalities (Phase 4),Timor Leste,Construction & Infrastructure,WORKS,United Nations Development Programme (UNDP),Unknown,3,4,2026-04-20,undp,https://procurement-notices.undp.org/view_negotiation.cfm?nego_id=43808
170,NO GO 🔴,0.0%,"Sao Tome and Principe Supply, Installations and related services for 1 000 LED Streetlights for the Water and Electricity Company (EMAE)",Sao Tome And Principe,Energy & Utilities,GOODS,African Development Bank (AfDB),Unknown,22,4,2026-04-20,afdb,https://www.afdb.org/en/documents/spn-sao-tome-and-principe-supply-installations-and-related-services-1-000-led-streetlights-water-and-electricity-company-emae-etreep
171,NO GO 🔴,0.0%,"São Tome and Príncipe Supply, Installations and Related Services for 40 000 Split Electronic Pre-Payment Meters for the Water and Electricity Company (EMAE)",São Tome And Príncipe,Energy & Utilities,GOODS,African Development Bank (AfDB),Unknown,21,4,2026-04-20,afdb,https://www.afdb.org/en/documents/spn-sao-tome-and-principe-supply-installations-and-related-services-40-000-split-electronic-pre-payment-meters-water-and-electricity-company-emae-etreep
172,NO GO 🔴,0.0%,"136282 EJECUCIÓN DE ACTIVIDADES SILVÍCOLAS Y DE PROTECCIÓN CONTRA INCENDIOS FORESTALES, REGIÓN DE LA ARAUCANÍA",Chile,"Environment & Climate, Mining & Natural Resources",Others,FAO,Unknown,9,4,2026-04-20,ungm,https://www.ungm.org/Public/Notice/296536
173,NO GO 🔴,0.0%,Kyrgyz Republic Air Quality Improvement Project,Kyrgyz Republic,Environment & Climate,WORKS,World Bank,Unknown,2,4,2026-04-20,worldbank,https://projects.worldbank.org/en/projects-operations/procurement-detail/OP00430269
174,NO GO 🔴,0.0%,"Phase 3 Advancing Sustainability in Performance, Infrastructure, and Reliability of the Energy Secto",Palestinian Territory,Energy & Utilities,GOODS,World Bank,"85,000 USD",14,4,2026-04-20,worldbank,https://projects.worldbank.org/en/projects-operations/procurement-detail/OP00432025
175,NO GO 🔴,0.0%,"EXPRESSION OF INTEREST FOR SUPPLY OF LOCALLY PRODUCED RICE, BEANS AND IODIZED SALT",Multiple Destinations,Agriculture & Food Security,GOODS,WFP,Unknown,2,4,2026-04-20,ungm,https://www.ungm.org/Public/Notice/296276
176,NO GO 🔴,0.0%,Log-In Georgia,Georgia,Others,WORKS,World Bank,Unknown,23,4,2026-04-20,worldbank,https://projects.worldbank.org/en/projects-operations/procurement-detail/OP00434832
177,NO GO 🔴,0.0%,Adquisición de Equipos Médicos de diferentes especialidades para atención hospitalaria por Acuerdos a Largo Plazo (LTA) - Proceso 2,Honduras,Health & Life Sciences,GOODS,UNOPS,Unknown,2,4,2026-04-20,ungm,https://www.ungm.org/Public/Notice/296468
178,NO GO 🔴,0.0%,GCF (PEARL) x Invitation to Bid (ITB) x Supply and installation of eighty-nine (89) net houses with drip irrigation system at Siem Reap Province,Cambodia,"Water, Sanitation & Waste",WORKS,FAO,Unknown,3,4,2026-04-20,ungm,https://www.ungm.org/Public/Notice/296277
179,NO GO 🔴,0.0%,GAS SECTOR EFFICIENCY IMPROVEMENT AND CARBON ABATEMENT PROJECT,Bangladesh,Environment & Climate,WORKS,World Bank,"12,000 TND",10,4,2026-04-20,worldbank,https://projects.worldbank.org/en/projects-operations/procurement-detail/OP00430198
180,NO GO 🔴,0.0%,ACQUISITION DES LOGICIELS POUR LA DRE,Haiti,Others,Others,United Nations Development Programme (UNDP),Unknown,230,4,2026-04-20,undp,https://procurement-notices.undp.org/view_negotiation.cfm?nego_id=41814
181,NO GO 🔴,0.0%,"Servicio de Arriendo mensual de notebooks, con opción de compra",Chile,Others,GOODS,United Nations Development Programme (UNDP),Unknown,6,4,2026-04-20,undp,https://procurement-notices.undp.org/view_negotiation.cfm?nego_id=44020
182,NO GO 🔴,0.0%,Accelerating Transport and Trade Connectivity in Eastern South Asia – Bangladesh Phase 1 Project,Bangladesh,Transport & Logistics,WORKS,World Bank,Unknown,6,4,2026-04-20,worldbank,https://projects.worldbank.org/en/projects-operations/procurement-detail/OP00434314
183,NO GO 🔴,0.0%,"Construction of the Culture and Creative Industries Development Centre (CCID) in Banja Luka, Bosnia and Herzegovina No. 1",Bosnia And Herzegovina,Construction & Infrastructure,WORKS,UNESCO,Unknown,13,4,2026-04-20,ungm,https://www.ungm.org/Public/Notice/296163
184,NO GO 🔴,0.0%,Metro Manila Flood Management Project,Philippines,"Water, Sanitation & Waste",WORKS,World Bank,Unknown,2,4,2026-04-20,worldbank,https://projects.worldbank.org/en/projects-operations/procurement-detail/OP00433654
185,NO GO 🔴,0.0%,Assam State Secondary Healthcare Initiative for Service Delivery Transformation (ASSIST) Project,India,Health & Life Sciences,WORKS,World Bank,Unknown,9,4,2026-04-20,worldbank,https://projects.worldbank.org/en/projects-operations/procurement-detail/OP00432798
186,NO GO 🔴,0.0%,Accelerating Transport and Trade Connectivity in Eastern South Asia – Bangladesh Phase 1 Project,Bangladesh,Transport & Logistics,WORKS,World Bank,Unknown,3,4,2026-04-20,worldbank,https://projects.worldbank.org/en/projects-operations/procurement-detail/OP00433675
187,NO GO 🔴,0.0%,China Plastic Waste Reduction Project (Shaanxi),China,"Water, Sanitation & Waste",GOODS,World Bank,Unknown,8,4,2026-04-20,worldbank,https://projects.worldbank.org/en/projects-operations/procurement-detail/OP00435507
188,NO GO 🔴,0.0%,Various Materials for the CE Programme of Puerto Princesa City,Philippines,Others,GOODS,United Nations Development Programme (UNDP),Unknown,20,4,2026-04-20,undp,https://procurement-notices.undp.org/view_negotiation.cfm?nego_id=44054
189,NO GO 🔴,0.0%,West Bank and Gaza Social Recovery and Job Creation Project,Palestinian Territory,Social Protection & Poverty Reduction,GOODS,World Bank,Unknown,9,4,2026-04-20,worldbank,https://projects.worldbank.org/en/projects-operations/procurement-detail/OP00435477
190,NO GO 🔴,0.0%,Indonesia Health Systems Strengthening Project,Indonesia,Health & Life Sciences,GOODS,World Bank,Unknown,15,4,2026-04-20,worldbank,https://projects.worldbank.org/en/projects-operations/procurement-detail/OP00430015
191,NO GO 🔴,0.0%,Sindh Livestock and Aquaculture Sectors Transformation Project,Pakistan,Agriculture & Food Security,GOODS,World Bank,"7,580 DZD",9,4,2026-04-20,worldbank,https://projects.worldbank.org/en/projects-operations/procurement-detail/OP00432692
192,NO GO 🔴,0.0%,Tajikistan Preparedness and Resilience to Disasters Project,Tajikistan,Environment & Climate,GOODS,World Bank,"54,000 USD",16,4,2026-04-20,worldbank,https://projects.worldbank.org/en/projects-operations/procurement-detail/OP00433116
193,NO GO 🔴,0.0%,"One Health for Pandemic Prevention, Food Systems Resilience, and Ecosystem Health in Central Asia",Central Asia,Environment & Climate,GOODS,World Bank,Unknown,16,4,2026-04-20,worldbank,https://projects.worldbank.org/en/projects-operations/procurement-detail/OP00433125
194,NO GO 🔴,0.0%,"Suministro de equipos médicos y hospitalarios con pre-instalación para el Hospital Santiago Apóstol, Bagua Grande - Utcubamba. DIRESA Amazonas, Perú",Peru,Health & Life Sciences,GOODS,UNOPS,Unknown,16,4,2026-04-20,ungm,https://www.ungm.org/Public/Notice/295927
195,NO GO 🔴,0.0%,Assam State Secondary Healthcare Initiative for Service Delivery Transformation (ASSIST) Project,India,Health & Life Sciences,WORKS,World Bank,Unknown,4,4,2026-04-20,worldbank,https://projects.worldbank.org/en/projects-operations/procurement-detail/OP00432823
196,NO GO 🔴,0.0%,Assam State Secondary Healthcare Initiative for Service Delivery Transformation (ASSIST) Project,India,Health & Life Sciences,WORKS,World Bank,Unknown,10,4,2026-04-20,worldbank,https://projects.worldbank.org/en/projects-operations/procurement-detail/OP00432811
197,NO GO 🔴,0.0%,China Plastic Waste Reduction Project,China,"Water, Sanitation & Waste",WORKS,World Bank,Unknown,6,4,2026-04-20,worldbank,https://projects.worldbank.org/en/projects-operations/procurement-detail/OP00434224
198,NO GO 🔴,0.0%,Assam State Secondary Healthcare Initiative for Service Delivery Transformation (ASSIST) Project,India,Health & Life Sciences,WORKS,World Bank,Unknown,2,4,2026-04-20,worldbank,https://projects.worldbank.org/en/projects-operations/procurement-detail/OP00432819
199,NO GO 🔴,0.0%,Assam State Secondary Healthcare Initiative for Service Delivery Transformation (ASSIST) Project,India,Health & Life Sciences,WORKS,World Bank,Unknown,7,4,2026-04-20,worldbank,https://projects.worldbank.org/en/projects-operations/procurement-detail/OP00432777
200,NO GO 🔴,0.0%,"UNFPA-PAK-ITB-26-002 for Customs Clearance, Warehousing, and Transportation for UNFPA",Pakistan,Transport & Logistics,Others,UNFPA,Unknown,8,4,2026-04-20,ungm,https://www.ungm.org/Public/Notice/295824
201,NO GO 🔴,0.0%,Assam State Secondary Healthcare Initiative for Service Delivery Transformation (ASSIST) Project,India,Health & Life Sciences,WORKS,World Bank,Unknown,3,4,2026-04-20,worldbank,https://projects.worldbank.org/en/projects-operations/procurement-detail/OP00432833
202,NO GO 🔴,0.0%,Inclusive Connectivity and Development Project,Sri Lanka,Telecommunications,WORKS,World Bank,Unknown,14,4,2026-04-20,worldbank,https://projects.worldbank.org/en/projects-operations/procurement-detail/OP00434849
203,NO GO 🔴,0.0%,Jordan Water Sector Efficiency Project,Jordan,"Water, Sanitation & Waste",WORKS,World Bank,"300,000 USD",37,4,2026-04-20,worldbank,https://projects.worldbank.org/en/projects-operations/procurement-detail/OP00433601
204,NO GO 🔴,0.0%,Assam State Secondary Healthcare Initiative for Service Delivery Transformation (ASSIST) Project,India,Health & Life Sciences,WORKS,World Bank,Unknown,7,4,2026-04-20,worldbank,https://projects.worldbank.org/en/projects-operations/procurement-detail/OP00432788
205,NO GO 🔴,0.0%,Electricity Sector Modernization and Sustainability Project,Kyrgyz Republic,Energy & Utilities,GOODS,World Bank,Unknown,2,4,2026-04-20,worldbank,https://projects.worldbank.org/en/projects-operations/procurement-detail/OP00426698
206,NO GO 🔴,0.0%,Assam State Secondary Healthcare Initiative for Service Delivery Transformation (ASSIST) Project,India,Health & Life Sciences,WORKS,World Bank,Unknown,8,4,2026-04-20,worldbank,https://projects.worldbank.org/en/projects-operations/procurement-detail/OP00432829
207,NO GO 🔴,0.0%,Indonesia Health Systems Strengthening Project,Indonesia,Health & Life Sciences,GOODS,World Bank,Unknown,14,4,2026-04-20,worldbank,https://projects.worldbank.org/en/projects-operations/procurement-detail/OP00429820
208,NO GO 🔴,N/A,Improving Mental Health Services in Sint Maarten,St Maarten,"Health & Life Sciences, Social Protection & Poverty Reduction",WORKS,World Bank,Unknown,2,4,2026-04-20,worldbank,https://projects.worldbank.org/en/projects-operations/procurement-detail/OP00430669
209,NO GO 🔴,N/A,"PROCUREMENT FOR THE PROVISION OF SAFEGUARDING, STOWAGE AND DISPOSAL OF OBSOLETE PESTICIDES STOCKS IN LEBANON - ITB - 2026/FNLEB/FNLEB/136071",Lebanon,Others,GOODS,FAO,Unknown,31,4,2026-04-20,ungm,https://www.ungm.org/Public/Notice/295818
210,NO GO 🔴,N/A,Guyana One Health Project,Guyana,Health & Life Sciences,GOODS,World Bank,Unknown,28,4,2026-04-20,worldbank,https://projects.worldbank.org/en/projects-operations/procurement-detail/OP00435133
211,NO GO 🔴,N/A,Procurement of Delivery and heavy-duty vehicles,Multiple Destinations,Transport & Logistics,GOODS,IFC,Unknown,22,4,2026-04-20,ungm,https://www.ungm.org/Public/Notice/296397
212,NO GO 🔴,N/A,FOSTERING RESILIENT LEARNING PROJECT,St Maarten,Education & Training,WORKS,World Bank,Unknown,21,4,2026-04-20,worldbank,https://projects.worldbank.org/en/projects-operations/procurement-detail/OP00433543
213,NO GO 🔴,N/A,"010 - Establecimiento de Contrato Marco de 1 año con posibilidad de extensión 1 año más para la provisión de servicio de renta de salones y alimentos en Tapachula, Chiapas (1+1)",Mexico,Agriculture & Food Security,GOODS,UNHCR,Unknown,3,4,2026-04-20,ungm,https://www.ungm.org/Public/Notice/296062
214,NO GO 🔴,N/A,El Salvador Transport and Resilient Infrastructure Project,El Salvador,Transport & Logistics,WORKS,World Bank,Unknown,30,4,2026-04-20,worldbank,https://projects.worldbank.org/en/projects-operations/procurement-detail/OP00435141
